,Date,Company,Title,Location,Link
0,2023-02-16,Paytm,Data Scientist,"Toronto, Ontario, Canada",https://ca.linkedin.com/jobs/view/data-scientist-at-paytm-3479604206?refId=VJ%2FFUnnupL2%2FX4nA%2BwhF5g%3D%3D&trackingId=7tw691ADaQ7TcKQsaYUxRg%3D%3D&position=1&pageNum=0&trk=public_jobs_jserp-result_search-card
1,2023-02-15,Tiger Analytics,Machine Learning Engineer,"Toronto, Ontario, Canada",https://ca.linkedin.com/jobs/view/machine-learning-engineer-at-tiger-analytics-3448425274?refId=VJ%2FFUnnupL2%2FX4nA%2BwhF5g%3D%3D&trackingId=UDW7Ue5tQMe1nUqZMpBRMw%3D%3D&position=2&pageNum=0&trk=public_jobs_jserp-result_search-card
2,2023-02-16,OutPoint,Machine Learning Engineer,"Toronto, Ontario, Canada",https://ca.linkedin.com/jobs/view/machine-learning-engineer-at-outpoint-3478644130?refId=VJ%2FFUnnupL2%2FX4nA%2BwhF5g%3D%3D&trackingId=zgWXdgh%2Bc1By70i%2FNAXDFg%3D%3D&position=3&pageNum=0&trk=public_jobs_jserp-result_search-card
3,2023-02-11,Tiger Analytics,Machine Learning Engineer (Canada),"Toronto, Ontario, Canada",https://ca.linkedin.com/jobs/view/machine-learning-engineer-canada-at-tiger-analytics-3383006892?refId=VJ%2FFUnnupL2%2FX4nA%2BwhF5g%3D%3D&trackingId=vPhcntQ3qCwg04Xperq1zQ%3D%3D&position=4&pageNum=0&trk=public_jobs_jserp-result_search-card
4,2023-02-12,Tiger Analytics,Machine Learning Engineer (Canada),"Toronto, Ontario, Canada",https://ca.linkedin.com/jobs/view/machine-learning-engineer-canada-at-tiger-analytics-3383008297?refId=VJ%2FFUnnupL2%2FX4nA%2BwhF5g%3D%3D&trackingId=yuXFzhBV2Y4nyLLvuuflIQ%3D%3D&position=5&pageNum=0&trk=public_jobs_jserp-result_search-card
5,2023-01-16,Experfy,Lead Data Scientist,"Toronto, Ontario, Canada",https://ca.linkedin.com/jobs/view/lead-data-scientist-at-experfy-3478341837?refId=VJ%2FFUnnupL2%2FX4nA%2BwhF5g%3D%3D&trackingId=z1N%2BPyhSiQ%2FccdNJWOHBDw%3D%3D&position=6&pageNum=0&trk=public_jobs_jserp-result_search-card
6,2023-02-18,OMERS,Junior Data Scientist,"Toronto, Ontario, Canada",https://ca.linkedin.com/jobs/view/junior-data-scientist-at-omers-3456745275?refId=VJ%2FFUnnupL2%2FX4nA%2BwhF5g%3D%3D&trackingId=qtTvzL9OZhpzyouDzGAuwQ%3D%3D&position=7&pageNum=0&trk=public_jobs_jserp-result_search-card
7,2023-02-19,Zown,Machine Learning Engineer,"Scarborough, Ontario, Canada",https://ca.linkedin.com/jobs/view/machine-learning-engineer-at-zown-3483683226?refId=VJ%2FFUnnupL2%2FX4nA%2BwhF5g%3D%3D&trackingId=AcToEfQRbLXhhvRrZqF3AA%3D%3D&position=8&pageNum=0&trk=public_jobs_jserp-result_search-card
8,2023-02-24,Tiger Analytics,Data Scientist (Forecasting) (Canada),"Toronto, Ontario, Canada",https://ca.linkedin.com/jobs/view/data-scientist-forecasting-canada-at-tiger-analytics-3490947674?refId=VJ%2FFUnnupL2%2FX4nA%2BwhF5g%3D%3D&trackingId=%2BA0cf0Vl%2FrdIIPPfI%2BjDEA%3D%3D&position=9&pageNum=0&trk=public_jobs_jserp-result_search-card
9,2023-02-24,Broadgate,Machine Learning Engineer,"Toronto, Ontario, Canada",https://ca.linkedin.com/jobs/view/machine-learning-engineer-at-broadgate-3491916637?refId=VJ%2FFUnnupL2%2FX4nA%2BwhF5g%3D%3D&trackingId=pSKlpO8H1kRuOBhTWMWo3g%3D%3D&position=10&pageNum=0&trk=public_jobs_jserp-result_search-card
10,2023-02-13,Technical Source,Machine Learning Engineer,"Toronto, Ontario, Canada",https://ca.linkedin.com/jobs/view/machine-learning-engineer-at-technical-source-3481394760?refId=VJ%2FFUnnupL2%2FX4nA%2BwhF5g%3D%3D&trackingId=5%2BYquYX3iY%2FHaAlphcSbUQ%3D%3D&position=11&pageNum=0&trk=public_jobs_jserp-result_search-card
11,2023-01-19,Validere,Data Scientist,"Toronto, Ontario, Canada",https://ca.linkedin.com/jobs/view/data-scientist-at-validere-3475255413?refId=VJ%2FFUnnupL2%2FX4nA%2BwhF5g%3D%3D&trackingId=rhwkYyX3NJpU1ftnBVo1KQ%3D%3D&position=12&pageNum=0&trk=public_jobs_jserp-result_search-card
12,2023-01-25,Myant Inc.,Senior Data Scientist,"Etobicoke, Ontario, Canada",https://ca.linkedin.com/jobs/view/senior-data-scientist-at-myant-inc-3490747091?refId=VJ%2FFUnnupL2%2FX4nA%2BwhF5g%3D%3D&trackingId=6hBzWCO7L08Ako3S475TeA%3D%3D&position=13&pageNum=0&trk=public_jobs_jserp-result_search-card
13,2023-01-13,owl.co,Senior Machine Learning Engineer,"Toronto, Ontario, Canada",https://ca.linkedin.com/jobs/view/senior-machine-learning-engineer-at-owl-co-3473874103?refId=VJ%2FFUnnupL2%2FX4nA%2BwhF5g%3D%3D&trackingId=GDa2KgZuqCBTSP4sH2c6wQ%3D%3D&position=14&pageNum=0&trk=public_jobs_jserp-result_search-card
14,2023-02-08,Cash App,Machine Learning Engineer,"Toronto, Ontario, Canada",https://ca.linkedin.com/jobs/view/machine-learning-engineer-at-cash-app-2900016984?refId=VJ%2FFUnnupL2%2FX4nA%2BwhF5g%3D%3D&trackingId=S2uk24WDZkX%2Blyu6TYAYIg%3D%3D&position=15&pageNum=0&trk=public_jobs_jserp-result_search-card
15,2022-11-26,NTENT,Machine Learning Engineer,"Toronto, Ontario, Canada",https://ca.linkedin.com/jobs/view/machine-learning-engineer-at-ntent-3405206890?refId=VJ%2FFUnnupL2%2FX4nA%2BwhF5g%3D%3D&trackingId=WrtKtW3DsYwbMamj3p5dGQ%3D%3D&position=16&pageNum=0&trk=public_jobs_jserp-result_search-card
16,2023-02-22,Aon,Data Scientist,"Toronto, Ontario, Canada",https://ca.linkedin.com/jobs/view/data-scientist-at-aon-3496032310?refId=VJ%2FFUnnupL2%2FX4nA%2BwhF5g%3D%3D&trackingId=k8R5%2FDLI%2FlIlMWPwovym0A%3D%3D&position=17&pageNum=0&trk=public_jobs_jserp-result_search-card
17,2023-01-07,Zortech Solutions,Data Scientist,"Toronto, Ontario, Canada",https://ca.linkedin.com/jobs/view/data-scientist-at-zortech-solutions-3459236577?refId=VJ%2FFUnnupL2%2FX4nA%2BwhF5g%3D%3D&trackingId=w8NRnmxU%2FEV7%2Bv44Lrmwaw%3D%3D&position=18&pageNum=0&trk=public_jobs_jserp-result_search-card
18,2023-02-24,Braintrust,Machine Learning Engineer - Freelance [Remote],"Toronto, Ontario, Canada",https://ca.linkedin.com/jobs/view/machine-learning-engineer-freelance-remote-at-braintrust-3497891740?refId=VJ%2FFUnnupL2%2FX4nA%2BwhF5g%3D%3D&trackingId=EnDy%2BzDmo5Xw3r6gPcXOCg%3D%3D&position=19&pageNum=0&trk=public_jobs_jserp-result_search-card
19,2023-01-27,MinervaAI,Senior Data Scientist II,"Toronto, Ontario, Canada",https://ca.linkedin.com/jobs/view/senior-data-scientist-ii-at-minervaai-3493991687?refId=VJ%2FFUnnupL2%2FX4nA%2BwhF5g%3D%3D&trackingId=bwIpwv2JSXeFigjm6wAy9w%3D%3D&position=20&pageNum=0&trk=public_jobs_jserp-result_search-card
20,2023-01-27,Aviva Canada,Senior Machine Learning Engineer,"Toronto, Ontario, Canada",https://ca.linkedin.com/jobs/view/senior-machine-learning-engineer-at-aviva-canada-3457196196?refId=VJ%2FFUnnupL2%2FX4nA%2BwhF5g%3D%3D&trackingId=omutUZ3qyZldOvITazdwTA%3D%3D&position=21&pageNum=0&trk=public_jobs_jserp-result_search-card
21,2023-02-24,Harnham,Machine Learning Engineer,"Toronto, Ontario, Canada",https://ca.linkedin.com/jobs/view/machine-learning-engineer-at-harnham-3499263233?refId=VJ%2FFUnnupL2%2FX4nA%2BwhF5g%3D%3D&trackingId=PsK0cn%2BjloNDDKuWKwT93g%3D%3D&position=22&pageNum=0&trk=public_jobs_jserp-result_search-card
22,2023-02-10,Sun Life,Data Scientist,"Toronto, Ontario, Canada",https://ca.linkedin.com/jobs/view/data-scientist-at-sun-life-3472346229?refId=VJ%2FFUnnupL2%2FX4nA%2BwhF5g%3D%3D&trackingId=MGSbPk1odZgJMlwBR8PdHg%3D%3D&position=23&pageNum=0&trk=public_jobs_jserp-result_search-card
23,2023-01-30,Robertson & Company Ltd.,Data Scientist (Level 1),"Toronto, Ontario, Canada",https://ca.linkedin.com/jobs/view/data-scientist-level-1-at-robertson-company-ltd-3491929707?refId=VJ%2FFUnnupL2%2FX4nA%2BwhF5g%3D%3D&trackingId=zUrJv7UTb%2FgwDikN4RKgYQ%3D%3D&position=24&pageNum=0&trk=public_jobs_jserp-result_search-card
24,2023-01-22,Experfy,Principal Data Scientist,"Toronto, Ontario, Canada",https://ca.linkedin.com/jobs/view/principal-data-scientist-at-experfy-3480627592?refId=VJ%2FFUnnupL2%2FX4nA%2BwhF5g%3D%3D&trackingId=iVPfLeTZy%2FVZ4oNNXVLpEw%3D%3D&position=25&pageNum=0&trk=public_jobs_jserp-result_search-card
25,2023-02-13,Infosys,Data Science,"Toronto, Ontario, Canada",https://ca.linkedin.com/jobs/view/data-science-at-infosys-3479865008?refId=hwXANbCzyhmq8nVO7qGUkw%3D%3D&trackingId=h6wYiw3qUA59yP3Vrtlbgw%3D%3D&position=1&pageNum=1&trk=public_jobs_jserp-result_search-card
26,2023-02-14,Canadian Tire Corporation,Data Scientist,"Toronto, Ontario, Canada",https://ca.linkedin.com/jobs/view/data-scientist-at-canadian-tire-corporation-3477555752?refId=hwXANbCzyhmq8nVO7qGUkw%3D%3D&trackingId=e9LmPm%2B5Kcmx9HO%2FwqYa8w%3D%3D&position=2&pageNum=1&trk=public_jobs_jserp-result_search-card
27,2023-02-08,Cobblestone Energy,"JUNIOR DATA SCIENTIST - Dubai, UAE","Toronto, Ontario, Canada",https://ca.linkedin.com/jobs/view/junior-data-scientist-dubai-uae-at-cobblestone-energy-3473361832?refId=hwXANbCzyhmq8nVO7qGUkw%3D%3D&trackingId=prRGkocTbobzqLTBSsaMsA%3D%3D&position=3&pageNum=1&trk=public_jobs_jserp-result_search-card
28,2023-01-30,Robertson & Company Ltd.,Data Scientist (Level 1),"Toronto, Ontario, Canada",https://ca.linkedin.com/jobs/view/data-scientist-level-1-at-robertson-company-ltd-3491929707?refId=hwXANbCzyhmq8nVO7qGUkw%3D%3D&trackingId=piLicqnL1rcEqKjh%2BBbouA%3D%3D&position=4&pageNum=1&trk=public_jobs_jserp-result_search-card
29,2023-01-12,Focal Systems,Data Scientist,"Toronto, Ontario, Canada",https://ca.linkedin.com/jobs/view/data-scientist-at-focal-systems-3434067453?refId=hwXANbCzyhmq8nVO7qGUkw%3D%3D&trackingId=m0XxTfNLPvrW0kJ%2BvLA47w%3D%3D&position=5&pageNum=1&trk=public_jobs_jserp-result_search-card
30,2023-01-01,IQ Hunt Ltd.,Data Scientist/Analyst,"Toronto, Ontario, Canada",https://ca.linkedin.com/jobs/view/data-scientist-analyst-at-iq-hunt-ltd-3415242805?refId=hwXANbCzyhmq8nVO7qGUkw%3D%3D&trackingId=ko%2FoIuLUFLajxUA8kLtAdA%3D%3D&position=6&pageNum=1&trk=public_jobs_jserp-result_search-card
31,2023-02-10,Aecon Group Inc.,Data Scientist,"Toronto, Ontario, Canada",https://ca.linkedin.com/jobs/view/data-scientist-at-aecon-group-inc-3477063043?refId=hwXANbCzyhmq8nVO7qGUkw%3D%3D&trackingId=EymimXpCbLUSm6kFbV834Q%3D%3D&position=7&pageNum=1&trk=public_jobs_jserp-result_search-card
32,2023-02-22,CGI,Python Developer,"Toronto, Ontario, Canada",https://ca.linkedin.com/jobs/view/python-developer-at-cgi-3495987156?refId=hwXANbCzyhmq8nVO7qGUkw%3D%3D&trackingId=QW%2Fa5rMSZ29L18uiEX9nKQ%3D%3D&position=8&pageNum=1&trk=public_jobs_jserp-result_search-card
33,2023-02-14,Canadian Tire Corporation,Data Scientist,"Toronto, Ontario, Canada",https://ca.linkedin.com/jobs/view/data-scientist-at-canadian-tire-corporation-3477553997?refId=hwXANbCzyhmq8nVO7qGUkw%3D%3D&trackingId=fdocUsOrKI8KMj0mbnCpFg%3D%3D&position=9&pageNum=1&trk=public_jobs_jserp-result_search-card
34,2023-01-17,Experfy,Industrial Affairs (IA) Data Scientist,"Toronto, Ontario, Canada",https://ca.linkedin.com/jobs/view/industrial-affairs-ia-data-scientist-at-experfy-3479915854?refId=hwXANbCzyhmq8nVO7qGUkw%3D%3D&trackingId=4%2BOgOn8V5LTtxQ9sSTVF8A%3D%3D&position=10&pageNum=1&trk=public_jobs_jserp-result_search-card
35,2023-02-14,Canadian Tire Corporation,Data Scientist - Canadian Tire Corporation,"Toronto, Ontario, Canada",https://ca.linkedin.com/jobs/view/data-scientist-canadian-tire-corporation-at-canadian-tire-corporation-3477559347?refId=hwXANbCzyhmq8nVO7qGUkw%3D%3D&trackingId=DMBwxV7FNyEMTM1MKKz9SQ%3D%3D&position=11&pageNum=1&trk=public_jobs_jserp-result_search-card
36,2023-02-13,Technical Source,Senior Machine Learning Engineer,"Toronto, Ontario, Canada",https://ca.linkedin.com/jobs/view/senior-machine-learning-engineer-at-technical-source-3481391465?refId=hwXANbCzyhmq8nVO7qGUkw%3D%3D&trackingId=HIUyzFuRLFxq%2BoXtZzDHXg%3D%3D&position=12&pageNum=1&trk=public_jobs_jserp-result_search-card
37,2022-10-19,Daisy Intelligence Corporation,Data Scientist - Operations,"Toronto, Ontario, Canada",https://ca.linkedin.com/jobs/view/data-scientist-operations-at-daisy-intelligence-corporation-3318517718?refId=hwXANbCzyhmq8nVO7qGUkw%3D%3D&trackingId=mIDvrGCGSYlHIBD0e06HOw%3D%3D&position=13&pageNum=1&trk=public_jobs_jserp-result_search-card
38,2023-02-02,TD,Data Scientist I (Quants),"Toronto, Ontario, Canada",https://ca.linkedin.com/jobs/view/data-scientist-i-quants-at-td-3472476330?refId=hwXANbCzyhmq8nVO7qGUkw%3D%3D&trackingId=W4LCRWwasd445jW3Q5%2Fm5A%3D%3D&position=14&pageNum=1&trk=public_jobs_jserp-result_search-card
39,2023-01-31,North Technology People,Senior Machine Learning Engineer- Computer Vision,"Toronto, Ontario, Canada",https://ca.linkedin.com/jobs/view/senior-machine-learning-engineer-computer-vision-at-north-technology-people-3458745070?refId=hwXANbCzyhmq8nVO7qGUkw%3D%3D&trackingId=rELQA%2BGtIclRjOI87vxsKQ%3D%3D&position=15&pageNum=1&trk=public_jobs_jserp-result_search-card
40,2023-02-04,Munich Re,Machine Learning Engineer - North American Integrated Analytics Team,"Toronto, Ontario, Canada",https://ca.linkedin.com/jobs/view/machine-learning-engineer-north-american-integrated-analytics-team-at-munich-re-3466270402?refId=hwXANbCzyhmq8nVO7qGUkw%3D%3D&trackingId=%2FI6n8%2BOKmNZz1NlNY5AD0g%3D%3D&position=16&pageNum=1&trk=public_jobs_jserp-result_search-card
41,2023-02-02,TD,Data Scientist I (Quants)- EN,"Toronto, Ontario, Canada",https://ca.linkedin.com/jobs/view/data-scientist-i-quants-en-at-td-3472248063?refId=hwXANbCzyhmq8nVO7qGUkw%3D%3D&trackingId=PwlF2%2FTHqKEbATVa%2BJ3vIw%3D%3D&position=17&pageNum=1&trk=public_jobs_jserp-result_search-card
42,2023-01-16,FutureFit AI,Senior Data Scientist,"Toronto, Ontario, Canada",https://ca.linkedin.com/jobs/view/senior-data-scientist-at-futurefit-ai-3478380121?refId=hwXANbCzyhmq8nVO7qGUkw%3D%3D&trackingId=mw3GAcSYrj5R6vFC1eLFpw%3D%3D&position=18&pageNum=1&trk=public_jobs_jserp-result_search-card
43,2023-02-16,Four Seasons Hotels and Resorts,Data Science Developer,"Toronto, Ontario, Canada",https://ca.linkedin.com/jobs/view/data-science-developer-at-four-seasons-hotels-and-resorts-3452294733?refId=hwXANbCzyhmq8nVO7qGUkw%3D%3D&trackingId=meKpRNczF1CDCcVslQcEbQ%3D%3D&position=19&pageNum=1&trk=public_jobs_jserp-result_search-card
44,2022-12-23,Amaris Consulting,Pharmaceutical - Data Scientist,"Toronto, Ontario, Canada",https://ca.linkedin.com/jobs/view/pharmaceutical-data-scientist-at-amaris-consulting-3412339165?refId=hwXANbCzyhmq8nVO7qGUkw%3D%3D&trackingId=kTs3bQEI61RLABWtq7HMJA%3D%3D&position=20&pageNum=1&trk=public_jobs_jserp-result_search-card
45,2023-02-22,OCS Ontario Cannabis Store,Data Scientist,"Toronto, Ontario, Canada",https://ca.linkedin.com/jobs/view/data-scientist-at-ocs-ontario-cannabis-store-3488693017?refId=hwXANbCzyhmq8nVO7qGUkw%3D%3D&trackingId=VoA%2Fb0NDRWZC3kC2gCtsAA%3D%3D&position=21&pageNum=1&trk=public_jobs_jserp-result_search-card
46,2023-01-17,Validere,Senior Data Scientist,"Toronto, Ontario, Canada",https://ca.linkedin.com/jobs/view/senior-data-scientist-at-validere-3472359594?refId=hwXANbCzyhmq8nVO7qGUkw%3D%3D&trackingId=m1y8nulctZvDXGKKsFGpSg%3D%3D&position=22&pageNum=1&trk=public_jobs_jserp-result_search-card
47,2023-02-24,owl.co,Senior Software Engineer - ML/Ranking,"Toronto, Ontario, Canada",https://ca.linkedin.com/jobs/view/senior-software-engineer-ml-ranking-at-owl-co-3497906387?refId=hwXANbCzyhmq8nVO7qGUkw%3D%3D&trackingId=QV6Z6i2d2KBr%2BKaJKsQjKQ%3D%3D&position=23&pageNum=1&trk=public_jobs_jserp-result_search-card
48,2023-02-08,Kolsquare,Research Scientist (Machine Learning),"Toronto, Ontario, Canada",https://ca.linkedin.com/jobs/view/research-scientist-machine-learning-at-kolsquare-3467372843?refId=hwXANbCzyhmq8nVO7qGUkw%3D%3D&trackingId=QczlBtFsEcZJuSAg1H3FnQ%3D%3D&position=24&pageNum=1&trk=public_jobs_jserp-result_search-card
49,2023-02-09,Harnham,Lead Machine Learning Engineer,"Toronto, Ontario, Canada",https://ca.linkedin.com/jobs/view/lead-machine-learning-engineer-at-harnham-3476910509?refId=hwXANbCzyhmq8nVO7qGUkw%3D%3D&trackingId=ly2Yn%2FhdxQXswsEr6Ypc%2Bg%3D%3D&position=25&pageNum=1&trk=public_jobs_jserp-result_search-card
50,2023-01-28,Moneris,Machine Learning Engineer,"Toronto, Ontario, Canada",https://ca.linkedin.com/jobs/view/machine-learning-engineer-at-moneris-3494048430?refId=tNjx2OUiepSpHMd3GqxxqA%3D%3D&trackingId=JEwYERk4oHWzda39GyHDgA%3D%3D&position=1&pageNum=2&trk=public_jobs_jserp-result_search-card
51,2023-02-16,Peak Power Inc,Senior Python Engineer,"Toronto, Ontario, Canada",https://ca.linkedin.com/jobs/view/senior-python-engineer-at-peak-power-inc-3486697173?refId=tNjx2OUiepSpHMd3GqxxqA%3D%3D&trackingId=m%2FGmHUz74kKRTPLPae%2FnVA%3D%3D&position=2&pageNum=2&trk=public_jobs_jserp-result_search-card
52,2023-01-28,TD,Data Scientist- EN,"Toronto, Ontario, Canada",https://ca.linkedin.com/jobs/view/data-scientist-en-at-td-3496096837?refId=tNjx2OUiepSpHMd3GqxxqA%3D%3D&trackingId=V9M5sKQIM%2FXeta4ey28yww%3D%3D&position=3&pageNum=2&trk=public_jobs_jserp-result_search-card
53,2023-01-01,Diverse Lynx,Data Scientist,"Toronto, Ontario, Canada",https://ca.linkedin.com/jobs/view/data-scientist-at-diverse-lynx-3415254276?refId=tNjx2OUiepSpHMd3GqxxqA%3D%3D&trackingId=0yXFMw8cR%2BEXt6NKSERTpA%3D%3D&position=4&pageNum=2&trk=public_jobs_jserp-result_search-card
54,2022-12-06,Stacktics,Data Science Engineer,"Toronto, Ontario, Canada",https://ca.linkedin.com/jobs/view/data-science-engineer-at-stacktics-3420444965?refId=tNjx2OUiepSpHMd3GqxxqA%3D%3D&trackingId=bQsM1J9plH5Qv9sADRd8fA%3D%3D&position=5&pageNum=2&trk=public_jobs_jserp-result_search-card
55,2023-02-25,Mondelēz International,SCE Engineer,"Toronto, Ontario, Canada",https://ca.linkedin.com/jobs/view/sce-engineer-at-mondel%C4%93z-international-3498075588?refId=tNjx2OUiepSpHMd3GqxxqA%3D%3D&trackingId=bGV3fXZA5508VB5MTCVEKw%3D%3D&position=6&pageNum=2&trk=public_jobs_jserp-result_search-card
56,2023-02-13,ZestyAI,Senior Data Scientist - Computer Vision,"Toronto, Ontario, Canada",https://ca.linkedin.com/jobs/view/senior-data-scientist-computer-vision-at-zestyai-3479865787?refId=tNjx2OUiepSpHMd3GqxxqA%3D%3D&trackingId=wDIeKHmu5%2FPNVMnsQ7J6Zg%3D%3D&position=7&pageNum=2&trk=public_jobs_jserp-result_search-card
57,2023-02-07,Qualcomm,Machine Learning System Software Engineer (All Levels),"Toronto, Ontario, Canada",https://ca.linkedin.com/jobs/view/machine-learning-system-software-engineer-all-levels-at-qualcomm-3296635180?refId=tNjx2OUiepSpHMd3GqxxqA%3D%3D&trackingId=uGeWsqewJ73vTpvE3ir3%2Fg%3D%3D&position=8&pageNum=2&trk=public_jobs_jserp-result_search-card
58,2023-02-24,Mondelēz International,Data Science Manager,"Toronto, Ontario, Canada",https://ca.linkedin.com/jobs/view/data-science-manager-at-mondel%C4%93z-international-3496758187?refId=tNjx2OUiepSpHMd3GqxxqA%3D%3D&trackingId=VwF80srxmB5kYlARm5CpIg%3D%3D&position=9&pageNum=2&trk=public_jobs_jserp-result_search-card
59,2023-02-07,Jobs for Humanity,Senior Deep Learning Engineer,"Toronto, Ontario, Canada",https://ca.linkedin.com/jobs/view/senior-deep-learning-engineer-at-jobs-for-humanity-3471216263?refId=tNjx2OUiepSpHMd3GqxxqA%3D%3D&trackingId=qnVJ4wPhovzsoaRiL%2FzN5Q%3D%3D&position=10&pageNum=2&trk=public_jobs_jserp-result_search-card
60,2023-02-13,Munich Re,Senior Data Scientist / Data Scientist - Integrated Analytics,"Toronto, Ontario, Canada",https://ca.linkedin.com/jobs/view/senior-data-scientist-data-scientist-integrated-analytics-at-munich-re-3479873510?refId=tNjx2OUiepSpHMd3GqxxqA%3D%3D&trackingId=ZWwqvxY%2Bwnet8uCUzKTcpg%3D%3D&position=11&pageNum=2&trk=public_jobs_jserp-result_search-card
61,2023-02-24,Canada Life,Senior Data Scientist,"Toronto, Ontario, Canada",https://ca.linkedin.com/jobs/view/senior-data-scientist-at-canada-life-3487980273?refId=tNjx2OUiepSpHMd3GqxxqA%3D%3D&trackingId=5Emr57OCY9rb5DPUxIVt4g%3D%3D&position=12&pageNum=2&trk=public_jobs_jserp-result_search-card
62,2023-02-21,Vial,Machine Learning Research Scientist,"Toronto, Ontario, Canada",https://ca.linkedin.com/jobs/view/machine-learning-research-scientist-at-vial-3490873312?refId=tNjx2OUiepSpHMd3GqxxqA%3D%3D&trackingId=c5aTOOjDAcktw0OD0m6wOQ%3D%3D&position=13&pageNum=2&trk=public_jobs_jserp-result_search-card
63,2023-02-05,Grammarly,"Software Engineer, Machine Learning (Grammarly for Developers)","Toronto, Ontario, Canada",https://ca.linkedin.com/jobs/view/software-engineer-machine-learning-grammarly-for-developers-at-grammarly-3384152993?refId=tNjx2OUiepSpHMd3GqxxqA%3D%3D&trackingId=QWOwRDbJtj9IROqi8W0DJg%3D%3D&position=14&pageNum=2&trk=public_jobs_jserp-result_search-card
64,2023-01-01,2iSolutions Inc.,Data Analytical Specialist/Scientist - Junior,"Toronto, Ontario, Canada",https://ca.linkedin.com/jobs/view/data-analytical-specialist-scientist-junior-at-2isolutions-inc-3415282657?refId=tNjx2OUiepSpHMd3GqxxqA%3D%3D&trackingId=eParvZIFT4gBrd8bMkmSfQ%3D%3D&position=15&pageNum=2&trk=public_jobs_jserp-result_search-card
65,2023-02-25,Grammarly,"Software Engineer, Machine Learning On-Device","Toronto, Ontario, Canada",https://ca.linkedin.com/jobs/view/software-engineer-machine-learning-on-device-at-grammarly-3384158253?refId=tNjx2OUiepSpHMd3GqxxqA%3D%3D&trackingId=zj%2BWLae%2F2wTp6J7o%2BV0sYg%3D%3D&position=16&pageNum=2&trk=public_jobs_jserp-result_search-card
66,2023-02-17,Motion Recruitment,Software Machine Learning Engineer,"Toronto, Ontario, Canada",https://ca.linkedin.com/jobs/view/software-machine-learning-engineer-at-motion-recruitment-3472636798?refId=tNjx2OUiepSpHMd3GqxxqA%3D%3D&trackingId=ddFZrM1qO%2ForW8XYDc538Q%3D%3D&position=17&pageNum=2&trk=public_jobs_jserp-result_search-card
67,2023-01-16,DNAstack,Bioinformatics Analyst,"Toronto, Ontario, Canada",https://ca.linkedin.com/jobs/view/bioinformatics-analyst-at-dnastack-3477670838?refId=tNjx2OUiepSpHMd3GqxxqA%3D%3D&trackingId=33pYg09Ke74ribqzRF08qg%3D%3D&position=18&pageNum=2&trk=public_jobs_jserp-result_search-card
68,2023-01-30,Luxolis,[Luxolis] Computer Vision Engineer,"Toronto, Ontario, Canada",https://ca.linkedin.com/jobs/view/luxolis-computer-vision-engineer-at-luxolis-3454607878?refId=tNjx2OUiepSpHMd3GqxxqA%3D%3D&trackingId=v36fWDwqwOrgP7HR9tgTxg%3D%3D&position=19&pageNum=2&trk=public_jobs_jserp-result_search-card
69,2023-02-01,Tredence Inc.,Consultant Data Science,"Toronto, Ontario, Canada",https://ca.linkedin.com/jobs/view/consultant-data-science-at-tredence-inc-3464032235?refId=tNjx2OUiepSpHMd3GqxxqA%3D%3D&trackingId=G6ynXuAWGfOAY28E%2BIKwkQ%3D%3D&position=20&pageNum=2&trk=public_jobs_jserp-result_search-card
70,2023-01-16,Iknal Semikan,AI Software Developer - Work in Sweden,"Toronto, Ontario, Canada",https://ca.linkedin.com/jobs/view/ai-software-developer-work-in-sweden-at-iknal-semikan-3477623911?refId=tNjx2OUiepSpHMd3GqxxqA%3D%3D&trackingId=X8ySLxRduZt5lsLPU0vwUw%3D%3D&position=21&pageNum=2&trk=public_jobs_jserp-result_search-card
71,2023-01-18,BrainStation,"Associate Educator, Data Scientist","Toronto, Ontario, Canada",https://ca.linkedin.com/jobs/view/associate-educator-data-scientist-at-brainstation-3474131634?refId=tNjx2OUiepSpHMd3GqxxqA%3D%3D&trackingId=oSKIqjSH7FRsEIriTvbWsg%3D%3D&position=22&pageNum=2&trk=public_jobs_jserp-result_search-card
72,2023-02-08,MarkiTech.AI - Experts in Digital Transformation focused on AI / Machine Learning in Health & Telco,Data Engineer (Machine Learning),"Toronto, Ontario, Canada",https://ca.linkedin.com/jobs/view/data-engineer-machine-learning-at-markitech-ai-experts-in-digital-transformation-focused-on-ai-machine-learning-in-health-telco-3472841646?refId=tNjx2OUiepSpHMd3GqxxqA%3D%3D&trackingId=%2BObE0R9HVX5%2BKRggoPEN3w%3D%3D&position=23&pageNum=2&trk=public_jobs_jserp-result_search-card
73,2023-02-13,Autodesk,"Intern, ML Research Engineer (Summer 2023)","Toronto, Ontario, Canada",https://ca.linkedin.com/jobs/view/intern-ml-research-engineer-summer-2023-at-autodesk-3442414939?refId=tNjx2OUiepSpHMd3GqxxqA%3D%3D&trackingId=LttQg5evqJ2vK0XpoeAs7w%3D%3D&position=24&pageNum=2&trk=public_jobs_jserp-result_search-card
74,2023-02-17,Messagepoint,Software Developer – JavaScript & Python,"Toronto, Ontario, Canada",https://ca.linkedin.com/jobs/view/software-developer-%E2%80%93-javascript-python-at-messagepoint-3488091021?refId=tNjx2OUiepSpHMd3GqxxqA%3D%3D&trackingId=aOchZ%2FmHXrWqvTy2uNoQ7w%3D%3D&position=25&pageNum=2&trk=public_jobs_jserp-result_search-card
75,2023-02-21,Rackspace Technology,Practice Manager - Data Science & Engineering (Remote role in Canada),"Toronto, Ontario, Canada",https://ca.linkedin.com/jobs/view/practice-manager-data-science-engineering-remote-role-in-canada-at-rackspace-technology-3081905742?refId=iiKFnOwdjROvrj0PyCu5ug%3D%3D&trackingId=Ecyy83XScTJ0XExxNH6A0A%3D%3D&position=1&pageNum=3&trk=public_jobs_jserp-result_search-card
76,2023-02-21,Rakuten Rewards,Sr. Data Scientist,"Toronto, Ontario, Canada",https://ca.linkedin.com/jobs/view/sr-data-scientist-at-rakuten-rewards-3455625885?refId=iiKFnOwdjROvrj0PyCu5ug%3D%3D&trackingId=Z4btpdOmuDktdm%2Fig3IfSQ%3D%3D&position=2&pageNum=3&trk=public_jobs_jserp-result_search-card
77,2023-02-16,Hillsdale Investment Management Inc.,Senior Python Developer,"Toronto, Ontario, Canada",https://ca.linkedin.com/jobs/view/senior-python-developer-at-hillsdale-investment-management-inc-3486188143?refId=iiKFnOwdjROvrj0PyCu5ug%3D%3D&trackingId=xf6BBIC6Y2gji%2FlfuC8m9Q%3D%3D&position=3&pageNum=3&trk=public_jobs_jserp-result_search-card
78,2023-02-13,ZestyAI,Senior Data Scientist - Computer Vision and MLOps,"Toronto, Ontario, Canada",https://ca.linkedin.com/jobs/view/senior-data-scientist-computer-vision-and-mlops-at-zestyai-3479870167?refId=iiKFnOwdjROvrj0PyCu5ug%3D%3D&trackingId=1pl25bFB%2BalpPoQl1QzDMg%3D%3D&position=4&pageNum=3&trk=public_jobs_jserp-result_search-card
79,2023-02-24,Crossover,"Python Developer, Forward Kitchens (Remote) - $60,000/year USD","Toronto, Ontario, Canada",https://ca.linkedin.com/jobs/view/python-developer-forward-kitchens-remote-%2460-000-year-usd-at-crossover-3482083385?refId=iiKFnOwdjROvrj0PyCu5ug%3D%3D&trackingId=UW%2B4kidVix4Zm1P8Fc%2BrOg%3D%3D&position=5&pageNum=3&trk=public_jobs_jserp-result_search-card
80,2023-02-17,Bevertec,Python Developer,"Toronto, Ontario, Canada",https://ca.linkedin.com/jobs/view/python-developer-at-bevertec-3488031889?refId=iiKFnOwdjROvrj0PyCu5ug%3D%3D&trackingId=8HSVC8Xv0LDXanCmHmxA5w%3D%3D&position=6&pageNum=3&trk=public_jobs_jserp-result_search-card
81,2023-01-01,2iSolutions Inc.,Data Analytical Specialist/Scientist - Intermediate,"Toronto, Ontario, Canada",https://ca.linkedin.com/jobs/view/data-analytical-specialist-scientist-intermediate-at-2isolutions-inc-3415288016?refId=iiKFnOwdjROvrj0PyCu5ug%3D%3D&trackingId=dlz91kvpq7cJqkAacHQKBQ%3D%3D&position=7&pageNum=3&trk=public_jobs_jserp-result_search-card
82,2023-01-27,RBC,"2023 Summer Student Opportunities Technology & Operations - Data Scientist, 4 Months","Toronto, Ontario, Canada",https://ca.linkedin.com/jobs/view/2023-summer-student-opportunities-technology-operations-data-scientist-4-months-at-rbc-3487288119?refId=iiKFnOwdjROvrj0PyCu5ug%3D%3D&trackingId=MPu9GyK0rq9su8%2BU7LhS1g%3D%3D&position=8&pageNum=3&trk=public_jobs_jserp-result_search-card
83,2023-02-21,Braintrust,Master Python Engineer (US Only) - Freelance [Remote],"Toronto, Ontario, Canada",https://ca.linkedin.com/jobs/view/master-python-engineer-us-only-freelance-remote-at-braintrust-3492665921?refId=iiKFnOwdjROvrj0PyCu5ug%3D%3D&trackingId=P3OtH0XPii8tl%2BE31Z5zGA%3D%3D&position=9&pageNum=3&trk=public_jobs_jserp-result_search-card
84,2023-02-15,ZestyAI,Senior Data Scientist - Climate Risk Modeling,"Toronto, Ontario, Canada",https://ca.linkedin.com/jobs/view/senior-data-scientist-climate-risk-modeling-at-zestyai-3483148669?refId=iiKFnOwdjROvrj0PyCu5ug%3D%3D&trackingId=%2BIVmP0iiklQwxm3TREL7RQ%3D%3D&position=10&pageNum=3&trk=public_jobs_jserp-result_search-card
85,2023-01-26,TD,Data Scientist II,"Toronto, Ontario, Canada",https://ca.linkedin.com/jobs/view/data-scientist-ii-at-td-3491203698?refId=iiKFnOwdjROvrj0PyCu5ug%3D%3D&trackingId=vfZUIvPokBQIKQ0ekgFBJA%3D%3D&position=11&pageNum=3&trk=public_jobs_jserp-result_search-card
86,2023-02-24,Crossover,"Junior Software Engineer, Trilogy (Remote) - $60,000/year USD","Toronto, Ontario, Canada",https://ca.linkedin.com/jobs/view/junior-software-engineer-trilogy-remote-%2460-000-year-usd-at-crossover-3482082296?refId=iiKFnOwdjROvrj0PyCu5ug%3D%3D&trackingId=YmCCgxl1faq0m0pA2Iy74Q%3D%3D&position=12&pageNum=3&trk=public_jobs_jserp-result_search-card
87,2023-02-03,Atlantis IT Group,Python Developer,"Toronto, Ontario, Canada",https://ca.linkedin.com/jobs/view/python-developer-at-atlantis-it-group-3464821237?refId=iiKFnOwdjROvrj0PyCu5ug%3D%3D&trackingId=RAL%2BFnrflM8uFFR%2BIq1tow%3D%3D&position=13&pageNum=3&trk=public_jobs_jserp-result_search-card
88,2023-01-19,TD,Data Scientist II- EN,"Toronto, Ontario, Canada",https://ca.linkedin.com/jobs/view/data-scientist-ii-en-at-td-3445507316?refId=iiKFnOwdjROvrj0PyCu5ug%3D%3D&trackingId=C%2BMlLhaQCrifV8BeT%2FFfng%3D%3D&position=14&pageNum=3&trk=public_jobs_jserp-result_search-card
89,2023-01-05,Muse® by Interaxon Inc.,Biosignal Research Scientist,"Toronto, Ontario, Canada",https://ca.linkedin.com/jobs/view/biosignal-research-scientist-at-muse%C2%AE-by-interaxon-inc-3422143530?refId=iiKFnOwdjROvrj0PyCu5ug%3D%3D&trackingId=nQ3DTtO0NXpqEEp9IuGi%2FA%3D%3D&position=15&pageNum=3&trk=public_jobs_jserp-result_search-card
90,2023-02-06,BCG GAMMA,Lead Data Scientist,"Toronto, Ontario, Canada",https://ca.linkedin.com/jobs/view/lead-data-scientist-at-bcg-gamma-3429973230?refId=iiKFnOwdjROvrj0PyCu5ug%3D%3D&trackingId=0UZ7mTaycz5UlMKS%2FAcg%2Fg%3D%3D&position=16&pageNum=3&trk=public_jobs_jserp-result_search-card
91,2023-01-13,Zortech Solutions,Python Developer,"Toronto, Ontario, Canada",https://ca.linkedin.com/jobs/view/python-developer-at-zortech-solutions-3470083940?refId=iiKFnOwdjROvrj0PyCu5ug%3D%3D&trackingId=t2UKHGVWiVwcHaKY%2Bo%2BHFw%3D%3D&position=17&pageNum=3&trk=public_jobs_jserp-result_search-card
92,2023-02-17,Braintrust,Computer Vision Engineer - Freelance [Remote],"Toronto, Ontario, Canada",https://ca.linkedin.com/jobs/view/computer-vision-engineer-freelance-remote-at-braintrust-3487934597?refId=iiKFnOwdjROvrj0PyCu5ug%3D%3D&trackingId=X5Le7ndlh%2BrcvQOyObdvQw%3D%3D&position=18&pageNum=3&trk=public_jobs_jserp-result_search-card
93,2023-02-05,Xenex Enterprises Inc.,Software Test Automation Engineer,"Toronto, Ontario, Canada",https://ca.linkedin.com/jobs/view/software-test-automation-engineer-at-xenex-enterprises-inc-3490640518?refId=iiKFnOwdjROvrj0PyCu5ug%3D%3D&trackingId=mrkioEuNeRj%2FRMg09KrtzA%3D%3D&position=19&pageNum=3&trk=public_jobs_jserp-result_search-card
94,2023-01-19,Hire Digital,Django Developer,"Toronto, Ontario, Canada",https://ca.linkedin.com/jobs/view/django-developer-at-hire-digital-3444377625?refId=iiKFnOwdjROvrj0PyCu5ug%3D%3D&trackingId=YnwGD7k%2FK9T%2BMq1ZGxAgnw%3D%3D&position=20&pageNum=3&trk=public_jobs_jserp-result_search-card
95,2023-01-05,Morgan McKinley,Software Engineer - Python,"Toronto, Ontario, Canada",https://ca.linkedin.com/jobs/view/software-engineer-python-at-morgan-mckinley-3426483065?refId=iiKFnOwdjROvrj0PyCu5ug%3D%3D&trackingId=1xfJEiaBw8fkbNwkeKbMOQ%3D%3D&position=21&pageNum=3&trk=public_jobs_jserp-result_search-card
96,2023-01-30,KPMG Canada,Data Scientist - Consultant/ Senior Consultant - Lighthouse,"Toronto, Ontario, Canada",https://ca.linkedin.com/jobs/view/data-scientist-consultant-senior-consultant-lighthouse-at-kpmg-canada-3495085392?refId=iiKFnOwdjROvrj0PyCu5ug%3D%3D&trackingId=mcEfYG06rLhigPiFLa%2FzSg%3D%3D&position=22&pageNum=3&trk=public_jobs_jserp-result_search-card
97,2023-02-19,Uber,Staff Machine Learning Engineer,"Toronto, Ontario, Canada",https://ca.linkedin.com/jobs/view/staff-machine-learning-engineer-at-uber-3457844800?refId=iiKFnOwdjROvrj0PyCu5ug%3D%3D&trackingId=%2BK374mE7%2FAPmhjN39Pd6dg%3D%3D&position=23&pageNum=3&trk=public_jobs_jserp-result_search-card
98,2023-02-10,Adobe,2023 Intern - Research Scientist/Engineer,"Toronto, Ontario, Canada",https://ca.linkedin.com/jobs/view/2023-intern-research-scientist-engineer-at-adobe-3414420941?refId=iiKFnOwdjROvrj0PyCu5ug%3D%3D&trackingId=gh%2Be4f2F2TAboBqSLBNuGQ%3D%3D&position=24&pageNum=3&trk=public_jobs_jserp-result_search-card
99,2023-02-09,Lyft,Data Engineer,"Toronto, Ontario, Canada",https://ca.linkedin.com/jobs/view/data-engineer-at-lyft-3441083258?refId=iiKFnOwdjROvrj0PyCu5ug%3D%3D&trackingId=7DV3mYiEjrJn%2F1YaEmKe7Q%3D%3D&position=25&pageNum=3&trk=public_jobs_jserp-result_search-card
100,2022-11-18,TD,Data Scientist II,"Toronto, Ontario, Canada",https://ca.linkedin.com/jobs/view/data-scientist-ii-at-td-3399206657?refId=qMc7FlNaCsjqj%2Bsao5iVcQ%3D%3D&trackingId=fhszVLxbA985LzprhgvQZQ%3D%3D&position=1&pageNum=4&trk=public_jobs_jserp-result_search-card
101,2023-02-07,Investinu Group,Algorithm Developer,"Toronto, Ontario, Canada",https://ca.linkedin.com/jobs/view/algorithm-developer-at-investinu-group-3473577910?refId=qMc7FlNaCsjqj%2Bsao5iVcQ%3D%3D&trackingId=e9sc1Wl22xEkwG06dbALgw%3D%3D&position=2&pageNum=4&trk=public_jobs_jserp-result_search-card
102,2023-02-03,Tata Consultancy Services,IaaC Engineer,"Toronto, Ontario, Canada",https://ca.linkedin.com/jobs/view/iaac-engineer-at-tata-consultancy-services-3461884569?refId=qMc7FlNaCsjqj%2Bsao5iVcQ%3D%3D&trackingId=iSnpAPaLbIe1w2WV4SYUBg%3D%3D&position=3&pageNum=4&trk=public_jobs_jserp-result_search-card
103,2023-02-22,NielsenIQ,QA Engineer,"Toronto, Ontario, Canada",https://ca.linkedin.com/jobs/view/qa-engineer-at-nielseniq-3496001894?refId=qMc7FlNaCsjqj%2Bsao5iVcQ%3D%3D&trackingId=DVsVoob00%2B4eU0JANFEJzQ%3D%3D&position=4&pageNum=4&trk=public_jobs_jserp-result_search-card
104,2023-02-10,Stripe,"Software Engineer, Machine Learning Infrastructure","Toronto, Ontario, Canada",https://ca.linkedin.com/jobs/view/software-engineer-machine-learning-infrastructure-at-stripe-3478168193?refId=qMc7FlNaCsjqj%2Bsao5iVcQ%3D%3D&trackingId=AwoYtkaYZQppxrsyM2Ptrg%3D%3D&position=5&pageNum=4&trk=public_jobs_jserp-result_search-card
105,2023-01-25,Fusemachines,Lead Data Scientist (Predictive Maintenance),"Toronto, Ontario, Canada",https://ca.linkedin.com/jobs/view/lead-data-scientist-predictive-maintenance-at-fusemachines-3490756127?refId=qMc7FlNaCsjqj%2Bsao5iVcQ%3D%3D&trackingId=AphisXOJsMzQlSXI5h%2Fj2g%3D%3D&position=6&pageNum=4&trk=public_jobs_jserp-result_search-card
106,2023-01-13,Zortech Solutions,Python Developer with Spike,"Toronto, Ontario, Canada",https://ca.linkedin.com/jobs/view/python-developer-with-spike-at-zortech-solutions-3470084752?refId=qMc7FlNaCsjqj%2Bsao5iVcQ%3D%3D&trackingId=UVNMXDckYIYKHg9DROzuLA%3D%3D&position=7&pageNum=4&trk=public_jobs_jserp-result_search-card
107,2023-02-17,iManage,Data Engineer (Python),"Toronto, Ontario, Canada",https://ca.linkedin.com/jobs/view/data-engineer-python-at-imanage-3486750034?refId=qMc7FlNaCsjqj%2Bsao5iVcQ%3D%3D&trackingId=o2niOORas6t%2BSmZMozSC%2BA%3D%3D&position=8&pageNum=4&trk=public_jobs_jserp-result_search-card
108,2023-02-23,Cash App,"Senior Product Data Scientist, Global Markets","Toronto, Ontario, Canada",https://ca.linkedin.com/jobs/view/senior-product-data-scientist-global-markets-at-cash-app-3497872392?refId=qMc7FlNaCsjqj%2Bsao5iVcQ%3D%3D&trackingId=rp2ctSgULTIVPwHxzWoNvQ%3D%3D&position=9&pageNum=4&trk=public_jobs_jserp-result_search-card
109,2023-01-29,Vanguard,Principal Research Data Scientist,"Toronto, Ontario, Canada",https://ca.linkedin.com/jobs/view/principal-research-data-scientist-at-vanguard-3497662680?refId=qMc7FlNaCsjqj%2Bsao5iVcQ%3D%3D&trackingId=bOBi2l3gvFk%2ByYCUVvvnDw%3D%3D&position=10&pageNum=4&trk=public_jobs_jserp-result_search-card
110,2023-01-30,Diverse Lynx,Test Automation Engineer,"Toronto, Ontario, Canada",https://ca.linkedin.com/jobs/view/test-automation-engineer-at-diverse-lynx-3499267472?refId=qMc7FlNaCsjqj%2Bsao5iVcQ%3D%3D&trackingId=hNs3346zdlMP7%2By%2F8VxDYw%3D%3D&position=11&pageNum=4&trk=public_jobs_jserp-result_search-card
111,2023-01-19,TalentLab,Machine Learning ASIC IP Verification Engineer (All Levels),"Toronto, Ontario, Canada",https://ca.linkedin.com/jobs/view/machine-learning-asic-ip-verification-engineer-all-levels-at-talentlab-3475288549?refId=qMc7FlNaCsjqj%2Bsao5iVcQ%3D%3D&trackingId=26fRzHhcVCeNXw%2Bp3uC6%2BQ%3D%3D&position=12&pageNum=4&trk=public_jobs_jserp-result_search-card
112,2023-01-07,Zortech Solutions,Python Developer,"Toronto, Ontario, Canada",https://ca.linkedin.com/jobs/view/python-developer-at-zortech-solutions-3459236573?refId=qMc7FlNaCsjqj%2Bsao5iVcQ%3D%3D&trackingId=%2B4goh5bNIC3THxcVF5800g%3D%3D&position=13&pageNum=4&trk=public_jobs_jserp-result_search-card
113,2023-02-14,Basetwo AI,Integration Engineer,"Toronto, Ontario, Canada",https://ca.linkedin.com/jobs/view/integration-engineer-at-basetwo-ai-3482118914?refId=qMc7FlNaCsjqj%2Bsao5iVcQ%3D%3D&trackingId=1UyerTXD1ea10rTuCTi5bg%3D%3D&position=14&pageNum=4&trk=public_jobs_jserp-result_search-card
114,2022-11-18,TD,Data Scientist II- EN,"Toronto, Ontario, Canada",https://ca.linkedin.com/jobs/view/data-scientist-ii-en-at-td-3399337317?refId=qMc7FlNaCsjqj%2Bsao5iVcQ%3D%3D&trackingId=0B8uCWi99u8GRCzDYsN6jw%3D%3D&position=15&pageNum=4&trk=public_jobs_jserp-result_search-card
115,2023-02-17,Coca-Cola Canada Bottling Limited,Reliability Engineer,"North York, Ontario, Canada",https://ca.linkedin.com/jobs/view/reliability-engineer-at-coca-cola-canada-bottling-limited-3427761406?refId=qMc7FlNaCsjqj%2Bsao5iVcQ%3D%3D&trackingId=lPtaQUF4Kss%2FPwIroQymbw%3D%3D&position=16&pageNum=4&trk=public_jobs_jserp-result_search-card
116,2022-11-30,Zortech Solutions,AWS + Python,"Toronto, Ontario, Canada",https://ca.linkedin.com/jobs/view/aws-%2B-python-at-zortech-solutions-3378323540?refId=qMc7FlNaCsjqj%2Bsao5iVcQ%3D%3D&trackingId=4I1MP2wCdfxNzth6dBB35g%3D%3D&position=17&pageNum=4&trk=public_jobs_jserp-result_search-card
117,2023-02-10,Tata Consultancy Services,Python SQL Developer,"Toronto, Ontario, Canada",https://ca.linkedin.com/jobs/view/python-sql-developer-at-tata-consultancy-services-3472333307?refId=qMc7FlNaCsjqj%2Bsao5iVcQ%3D%3D&trackingId=G0nrgHO8DDdEtGn3HZkXJw%3D%3D&position=18&pageNum=4&trk=public_jobs_jserp-result_search-card
118,2023-02-13,Altvu,Statistical Programmer,"Toronto, Ontario, Canada",https://ca.linkedin.com/jobs/view/statistical-programmer-at-altvu-3481794718?refId=qMc7FlNaCsjqj%2Bsao5iVcQ%3D%3D&trackingId=ucZKhNSmD0xd0is7W9kNAw%3D%3D&position=19&pageNum=4&trk=public_jobs_jserp-result_search-card
119,2023-02-25,Braintrust,Backend Python Developer [REMOTE],"Toronto, Ontario, Canada",https://ca.linkedin.com/jobs/view/backend-python-developer-remote-at-braintrust-3499470526?refId=qMc7FlNaCsjqj%2Bsao5iVcQ%3D%3D&trackingId=ocP%2F1X0BmBhWGT%2B8QzXyaw%3D%3D&position=20&pageNum=4&trk=public_jobs_jserp-result_search-card
120,2023-01-28,Fusemachines,Lead Data Scientist - Computer Vision / Bioengineering,"Toronto, Ontario, Canada",https://ca.linkedin.com/jobs/view/lead-data-scientist-computer-vision-bioengineering-at-fusemachines-3495913903?refId=qMc7FlNaCsjqj%2Bsao5iVcQ%3D%3D&trackingId=au16jg01Lt7Rr0Ot3IrOnw%3D%3D&position=21&pageNum=4&trk=public_jobs_jserp-result_search-card
121,2023-02-20,Capgemini Engineering,Lead Big Data Engineer,"Toronto, Ontario, Canada",https://ca.linkedin.com/jobs/view/lead-big-data-engineer-at-capgemini-engineering-3485578752?refId=qMc7FlNaCsjqj%2Bsao5iVcQ%3D%3D&trackingId=GwOtz4SqACGbiQ5yRb834A%3D%3D&position=22&pageNum=4&trk=public_jobs_jserp-result_search-card
122,2023-01-31,Robert Half,Data Scientist Team Lead,"Toronto, Ontario, Canada",https://ca.linkedin.com/jobs/view/data-scientist-team-lead-at-robert-half-3456896553?refId=qMc7FlNaCsjqj%2Bsao5iVcQ%3D%3D&trackingId=su6neSkAs5lVUD4LRXo9NQ%3D%3D&position=23&pageNum=4&trk=public_jobs_jserp-result_search-card
123,2023-02-09,Rakuten Rewards,"Manager, Data Scientist","Toronto, Ontario, Canada",https://ca.linkedin.com/jobs/view/manager-data-scientist-at-rakuten-rewards-3470500251?refId=qMc7FlNaCsjqj%2Bsao5iVcQ%3D%3D&trackingId=v7StYYbmoiAx8z6uGBr3eA%3D%3D&position=24&pageNum=4&trk=public_jobs_jserp-result_search-card
124,2023-01-31,PathFactory,Intermediate Software Test Engineer,"Toronto, Ontario, Canada",https://ca.linkedin.com/jobs/view/intermediate-software-test-engineer-at-pathfactory-3462685220?refId=qMc7FlNaCsjqj%2Bsao5iVcQ%3D%3D&trackingId=58Mjj5HOaIeC4vUic4f0Gg%3D%3D&position=25&pageNum=4&trk=public_jobs_jserp-result_search-card
125,2023-02-01,e-Zinc,Research Scientist,"Toronto, Ontario, Canada",https://ca.linkedin.com/jobs/view/research-scientist-at-e-zinc-3458216523?refId=h%2FLptM1CtrEJpDY%2FuY2KAw%3D%3D&trackingId=tebQIVamHktajiSc1FRXMQ%3D%3D&position=1&pageNum=5&trk=public_jobs_jserp-result_search-card
126,2022-12-03,Boosted.ai,Quantitative Engineer,"Toronto, Ontario, Canada",https://ca.linkedin.com/jobs/view/quantitative-engineer-at-boosted-ai-3413177446?refId=h%2FLptM1CtrEJpDY%2FuY2KAw%3D%3D&trackingId=bgrhTlnu8D%2B7W2CSwblCGQ%3D%3D&position=2&pageNum=5&trk=public_jobs_jserp-result_search-card
127,2023-01-26,OmniUpdate (Now Modern Campus),Quality Assurance Automation Engineer,"Toronto, Ontario, Canada",https://ca.linkedin.com/jobs/view/quality-assurance-automation-engineer-at-omniupdate-now-modern-campus-3450695640?refId=h%2FLptM1CtrEJpDY%2FuY2KAw%3D%3D&trackingId=IaFx1sH9rI1qpbF5pGDzqw%3D%3D&position=3&pageNum=5&trk=public_jobs_jserp-result_search-card
128,2023-01-18,ShyftLabs,ML-Ops Engineer,"Toronto, Ontario, Canada",https://ca.linkedin.com/jobs/view/ml-ops-engineer-at-shyftlabs-3474106700?refId=h%2FLptM1CtrEJpDY%2FuY2KAw%3D%3D&trackingId=Lp2cmJ3YcTvItQTJ4NLpEg%3D%3D&position=4&pageNum=5&trk=public_jobs_jserp-result_search-card
129,2023-02-14,Pantala,Medior Python Engineer,"Toronto, Ontario, Canada",https://ca.linkedin.com/jobs/view/medior-python-engineer-at-pantala-3480839579?refId=h%2FLptM1CtrEJpDY%2FuY2KAw%3D%3D&trackingId=YxvvJnF5oZjl3d2PJAtrFA%3D%3D&position=5&pageNum=5&trk=public_jobs_jserp-result_search-card
130,2023-01-13,Schlesinger Group,Junior Survey Programmer,"Toronto, Ontario, Canada",https://ca.linkedin.com/jobs/view/junior-survey-programmer-at-schlesinger-group-3473107757?refId=h%2FLptM1CtrEJpDY%2FuY2KAw%3D%3D&trackingId=LYTvPyOXcrrpzBx16WqUOQ%3D%3D&position=6&pageNum=5&trk=public_jobs_jserp-result_search-card
131,2023-01-27,Boosted.ai,Software Engineer,"Toronto, Ontario, Canada",https://ca.linkedin.com/jobs/view/software-engineer-at-boosted-ai-3491483666?refId=h%2FLptM1CtrEJpDY%2FuY2KAw%3D%3D&trackingId=wKltUS8DJsaPhbOVhLJWDw%3D%3D&position=7&pageNum=5&trk=public_jobs_jserp-result_search-card
132,2023-02-17,Kinaxis,"Software Test Developer, Algorithms","Toronto, Ontario, Canada",https://ca.linkedin.com/jobs/view/software-test-developer-algorithms-at-kinaxis-3455495848?refId=h%2FLptM1CtrEJpDY%2FuY2KAw%3D%3D&trackingId=GZI1D3LcJVWdAEiNQFuuRA%3D%3D&position=8&pageNum=5&trk=public_jobs_jserp-result_search-card
133,2022-12-13,TD,Data Scientist III,"Toronto, Ontario, Canada",https://ca.linkedin.com/jobs/view/data-scientist-iii-at-td-3429861791?refId=h%2FLptM1CtrEJpDY%2FuY2KAw%3D%3D&trackingId=nLhMXAsiTOvx241d95ohqA%3D%3D&position=9&pageNum=5&trk=public_jobs_jserp-result_search-card
134,2023-02-20,Maarut Inc,Test Engineer,"Toronto, Ontario, Canada",https://ca.linkedin.com/jobs/view/test-engineer-at-maarut-inc-3492095558?refId=h%2FLptM1CtrEJpDY%2FuY2KAw%3D%3D&trackingId=YcrfWQrcvmJ1ragC0TZwaw%3D%3D&position=10&pageNum=5&trk=public_jobs_jserp-result_search-card
135,2023-02-21,Infotek Consulting Inc.,Automation Engineer/ Data Quality Engineer,"Toronto, Ontario, Canada",https://ca.linkedin.com/jobs/view/automation-engineer-data-quality-engineer-at-infotek-consulting-inc-3491466795?refId=h%2FLptM1CtrEJpDY%2FuY2KAw%3D%3D&trackingId=oLFIIbZccmVkhxd9qlSaew%3D%3D&position=11&pageNum=5&trk=public_jobs_jserp-result_search-card
136,2023-02-21,Manulife,Python Developer - Modeling and Transformation,"Toronto, Ontario, Canada",https://ca.linkedin.com/jobs/view/python-developer-modeling-and-transformation-at-manulife-3490821679?refId=h%2FLptM1CtrEJpDY%2FuY2KAw%3D%3D&trackingId=iVbLeHfW2j1veyAslqPs%2Bw%3D%3D&position=12&pageNum=5&trk=public_jobs_jserp-result_search-card
137,2023-02-13,Cognizant,Big Data Engineer,"Toronto, Ontario, Canada",https://ca.linkedin.com/jobs/view/big-data-engineer-at-cognizant-3475929270?refId=h%2FLptM1CtrEJpDY%2FuY2KAw%3D%3D&trackingId=PMC37ObuJEXePT2lmq84YA%3D%3D&position=13&pageNum=5&trk=public_jobs_jserp-result_search-card
138,2023-01-30,Diverse Lynx,QA with Python,"Toronto, Ontario, Canada",https://ca.linkedin.com/jobs/view/qa-with-python-at-diverse-lynx-3499217247?refId=h%2FLptM1CtrEJpDY%2FuY2KAw%3D%3D&trackingId=yKrfZL%2BBxhc1zpaON61vQA%3D%3D&position=14&pageNum=5&trk=public_jobs_jserp-result_search-card
139,2023-01-27,Slync.io,DevOps Engineer (Remote - U.S. or Canada),"Toronto, Ontario, Canada",https://ca.linkedin.com/jobs/view/devops-engineer-remote-u-s-or-canada-at-slync-io-3493989719?refId=h%2FLptM1CtrEJpDY%2FuY2KAw%3D%3D&trackingId=B1l18XCWxrytFUgGZ1UGvw%3D%3D&position=15&pageNum=5&trk=public_jobs_jserp-result_search-card
140,2023-02-24,The Credit Pros,Data Engineer,"Toronto, Ontario, Canada",https://ca.linkedin.com/jobs/view/data-engineer-at-the-credit-pros-3497901919?refId=h%2FLptM1CtrEJpDY%2FuY2KAw%3D%3D&trackingId=QSjqYuKOTa6ybBrHQdKrGA%3D%3D&position=16&pageNum=5&trk=public_jobs_jserp-result_search-card
141,2023-01-26,Hire Digital,Software Engineer,"Toronto, Ontario, Canada",https://ca.linkedin.com/jobs/view/software-engineer-at-hire-digital-3492436154?refId=h%2FLptM1CtrEJpDY%2FuY2KAw%3D%3D&trackingId=RfpyRyhpAjXxNXwQZjUcZg%3D%3D&position=17&pageNum=5&trk=public_jobs_jserp-result_search-card
142,2023-02-13,Tata Consultancy Services,"QE Automation Engineer - Automation, Python/Java,SQL","Toronto, Ontario, Canada",https://ca.linkedin.com/jobs/view/qe-automation-engineer-automation-python-java-sql-at-tata-consultancy-services-3475268091?refId=h%2FLptM1CtrEJpDY%2FuY2KAw%3D%3D&trackingId=5DWzCPgllB4TjNg6HSxyVQ%3D%3D&position=18&pageNum=5&trk=public_jobs_jserp-result_search-card
143,2023-01-10,Metaverse Mind Lab,Lead Machine Learning Engineer,"Toronto, Ontario, Canada",https://ca.linkedin.com/jobs/view/lead-machine-learning-engineer-at-metaverse-mind-lab-3428127495?refId=h%2FLptM1CtrEJpDY%2FuY2KAw%3D%3D&trackingId=FUpz6iSkInyp33KQgjRO%2Bg%3D%3D&position=19&pageNum=5&trk=public_jobs_jserp-result_search-card
144,2023-02-17,Movable Ink,"Principal Software Developer, AI","Toronto, Ontario, Canada",https://ca.linkedin.com/jobs/view/principal-software-developer-ai-at-movable-ink-3484425080?refId=h%2FLptM1CtrEJpDY%2FuY2KAw%3D%3D&trackingId=p1paLttvkdFum%2FITvXuZNw%3D%3D&position=20&pageNum=5&trk=public_jobs_jserp-result_search-card
145,2023-02-22,Citi,Junior Quantitative Developer - Toronto/Canada (R21034791),"Toronto, Ontario, Canada",https://ca.linkedin.com/jobs/view/junior-quantitative-developer-toronto-canada-r21034791-at-citi-3492526522?refId=h%2FLptM1CtrEJpDY%2FuY2KAw%3D%3D&trackingId=B%2Fj1YVxcIwGa4sCQQ5Y4kQ%3D%3D&position=21&pageNum=5&trk=public_jobs_jserp-result_search-card
146,2023-01-18,BrainStation,"Educator, Data Scientist","Toronto, Ontario, Canada",https://ca.linkedin.com/jobs/view/educator-data-scientist-at-brainstation-3474131648?refId=h%2FLptM1CtrEJpDY%2FuY2KAw%3D%3D&trackingId=92iW7E%2FB0vIVBFuesV5JEw%3D%3D&position=22&pageNum=5&trk=public_jobs_jserp-result_search-card
147,2023-02-15,Alybyte Inc.,Job Opportunity: Python API Developer || Remote,"Toronto, Ontario, Canada",https://ca.linkedin.com/jobs/view/job-opportunity-python-api-developer-remote-at-alybyte-inc-3482758328?refId=h%2FLptM1CtrEJpDY%2FuY2KAw%3D%3D&trackingId=xKYs7bLou8XTHtqrVoRIvA%3D%3D&position=23&pageNum=5&trk=public_jobs_jserp-result_search-card
148,2023-02-14,Kinaxis,"Software Developer, Algorithms Quality","Toronto, Ontario, Canada",https://ca.linkedin.com/jobs/view/software-developer-algorithms-quality-at-kinaxis-3483519400?refId=h%2FLptM1CtrEJpDY%2FuY2KAw%3D%3D&trackingId=otCkSnZzTWw6d6V%2F1EpxUA%3D%3D&position=24&pageNum=5&trk=public_jobs_jserp-result_search-card
149,2023-01-17,Experfy,Software Engineer/Developer,"Toronto, Ontario, Canada",https://ca.linkedin.com/jobs/view/software-engineer-developer-at-experfy-3479921135?refId=h%2FLptM1CtrEJpDY%2FuY2KAw%3D%3D&trackingId=%2FkAmqaFrK01iipjXmcGzDA%3D%3D&position=25&pageNum=5&trk=public_jobs_jserp-result_search-card
150,2023-01-13,Paytm,Software Engineer,"Toronto, Ontario, Canada",https://ca.linkedin.com/jobs/view/software-engineer-at-paytm-3466166216?refId=MhXDM%2BWKtpuuVkqP5ymHEw%3D%3D&trackingId=tReVsX9HZZiQhV%2BxhMWprQ%3D%3D&position=1&pageNum=6&trk=public_jobs_jserp-result_search-card
151,2023-02-22,TalentTank Recruiting Inc.,Sr. JavaScript Developer,"Toronto, Ontario, Canada",https://ca.linkedin.com/jobs/view/sr-javascript-developer-at-talenttank-recruiting-inc-3495981790?refId=MhXDM%2BWKtpuuVkqP5ymHEw%3D%3D&trackingId=N26YgL0JAAcn67l2piZQxQ%3D%3D&position=2&pageNum=6&trk=public_jobs_jserp-result_search-card
152,2023-02-22,Bloomberg,Senior NLP Research Engineer - Artificial Intelligence Group,"Toronto, Ontario, Canada",https://ca.linkedin.com/jobs/view/senior-nlp-research-engineer-artificial-intelligence-group-at-bloomberg-3486714764?refId=MhXDM%2BWKtpuuVkqP5ymHEw%3D%3D&trackingId=l2z0hgplqDHpil%2FTLIsNlA%3D%3D&position=3&pageNum=6&trk=public_jobs_jserp-result_search-card
153,2023-01-13,TD,Data Scientist III- EN,"Toronto, Ontario, Canada",https://ca.linkedin.com/jobs/view/data-scientist-iii-en-at-td-3473802065?refId=MhXDM%2BWKtpuuVkqP5ymHEw%3D%3D&trackingId=xsMk5RqZUnenJ7sFANHUZQ%3D%3D&position=4&pageNum=6&trk=public_jobs_jserp-result_search-card
154,2023-01-28,PORTA - Tradizione Italiana,Software Engineer,"Toronto, Ontario, Canada",https://ca.linkedin.com/jobs/view/software-engineer-at-porta-tradizione-italiana-3495982150?refId=MhXDM%2BWKtpuuVkqP5ymHEw%3D%3D&trackingId=53JgFrnQTI4R%2FC9j%2BGEd9A%3D%3D&position=5&pageNum=6&trk=public_jobs_jserp-result_search-card
155,2022-09-24,Untether AI,Software Engineer - Optimization,"Toronto, Ontario, Canada",https://ca.linkedin.com/jobs/view/software-engineer-optimization-at-untether-ai-3318559022?refId=MhXDM%2BWKtpuuVkqP5ymHEw%3D%3D&trackingId=lvZFyv0BzsBO5xdOMPiFIg%3D%3D&position=6&pageNum=6&trk=public_jobs_jserp-result_search-card
156,2023-02-24,Ceridian,Data Scientist Intern - 4 or 8 Months Summer 2023,"Toronto, Ontario, Canada",https://ca.linkedin.com/jobs/view/data-scientist-intern-4-or-8-months-summer-2023-at-ceridian-3461041504?refId=MhXDM%2BWKtpuuVkqP5ymHEw%3D%3D&trackingId=Wtwfr%2BXRg%2BYj8rHqrx8bjA%3D%3D&position=7&pageNum=6&trk=public_jobs_jserp-result_search-card
157,2023-01-01,Epsilon Solutions Ltd.,Python Fulltstack developer,"Toronto, Ontario, Canada",https://ca.linkedin.com/jobs/view/python-fulltstack-developer-at-epsilon-solutions-ltd-3415232536?refId=MhXDM%2BWKtpuuVkqP5ymHEw%3D%3D&trackingId=8YX0xQ1CNQbsQ8ptXQXFSw%3D%3D&position=8&pageNum=6&trk=public_jobs_jserp-result_search-card
158,2023-01-15,TalentLab,Validation Engineer (Python) - Contract,"Toronto, Ontario, Canada",https://ca.linkedin.com/jobs/view/validation-engineer-python-contract-at-talentlab-3469826346?refId=MhXDM%2BWKtpuuVkqP5ymHEw%3D%3D&trackingId=Qcf6dPiQ24tmNR4adzqJCg%3D%3D&position=9&pageNum=6&trk=public_jobs_jserp-result_search-card
159,2023-02-17,BenchSci,Senior Machine Learning Engineer - NLP (Remote),"Toronto, Ontario, Canada",https://ca.linkedin.com/jobs/view/senior-machine-learning-engineer-nlp-remote-at-benchsci-3484400530?refId=MhXDM%2BWKtpuuVkqP5ymHEw%3D%3D&trackingId=piIlhj0iV%2BnCTUOpm53g8g%3D%3D&position=10&pageNum=6&trk=public_jobs_jserp-result_search-card
160,2023-01-13,Zortech Solutions,GCP Data Engineer/ Scientist,"Toronto, Ontario, Canada",https://ca.linkedin.com/jobs/view/gcp-data-engineer-scientist-at-zortech-solutions-3469240576?refId=MhXDM%2BWKtpuuVkqP5ymHEw%3D%3D&trackingId=jzdbUo5ObcA7Y9RYue%2F3cA%3D%3D&position=11&pageNum=6&trk=public_jobs_jserp-result_search-card
161,2023-02-19,Shakudo,Software Engineer,"Toronto, Ontario, Canada",https://ca.linkedin.com/jobs/view/software-engineer-at-shakudo-3484292139?refId=MhXDM%2BWKtpuuVkqP5ymHEw%3D%3D&trackingId=CmZ4FRdFPpnmSdtrB8F7Yw%3D%3D&position=12&pageNum=6&trk=public_jobs_jserp-result_search-card
162,2023-01-21,Zortech Solutions,Senior Developer/Data Scientist,"Toronto, Ontario, Canada",https://ca.linkedin.com/jobs/view/senior-developer-data-scientist-at-zortech-solutions-3482099411?refId=MhXDM%2BWKtpuuVkqP5ymHEw%3D%3D&trackingId=pTQBWUPVZwDE9wUOKt447w%3D%3D&position=13&pageNum=6&trk=public_jobs_jserp-result_search-card
163,2023-01-26,Modern Campus,Quality Assurance Automation Engineer,"Toronto, Ontario, Canada",https://ca.linkedin.com/jobs/view/quality-assurance-automation-engineer-at-modern-campus-3452263003?refId=MhXDM%2BWKtpuuVkqP5ymHEw%3D%3D&trackingId=4sqD4lEPEHHlSigfyIT2xw%3D%3D&position=14&pageNum=6&trk=public_jobs_jserp-result_search-card
164,2023-02-25,2iSolutions Inc.,Data Analytical Specialist/Scientist Senior,"Toronto, Ontario, Canada",https://ca.linkedin.com/jobs/view/data-analytical-specialist-scientist-senior-at-2isolutions-inc-3492147866?refId=MhXDM%2BWKtpuuVkqP5ymHEw%3D%3D&trackingId=e%2Ff9a%2FXs9wDOUekQIYb3tA%3D%3D&position=15&pageNum=6&trk=public_jobs_jserp-result_search-card
165,2023-01-18,Paytm,Software Engineer - Platform,"Toronto, Ontario, Canada",https://ca.linkedin.com/jobs/view/software-engineer-platform-at-paytm-3437844054?refId=MhXDM%2BWKtpuuVkqP5ymHEw%3D%3D&trackingId=IXW%2FaCdRSMvkPwNfYLWQPQ%3D%3D&position=16&pageNum=6&trk=public_jobs_jserp-result_search-card
166,2023-02-24,TD,Associate Machine Learning Engineer (Layer 6),"Toronto, Ontario, Canada",https://ca.linkedin.com/jobs/view/associate-machine-learning-engineer-layer-6-at-td-3497659321?refId=MhXDM%2BWKtpuuVkqP5ymHEw%3D%3D&trackingId=lkYqzfQbdUSm368thauQsw%3D%3D&position=17&pageNum=6&trk=public_jobs_jserp-result_search-card
167,2023-01-13,Paytm,Software Engineer - Cloud Automation,"Toronto, Ontario, Canada",https://ca.linkedin.com/jobs/view/software-engineer-cloud-automation-at-paytm-3466163683?refId=MhXDM%2BWKtpuuVkqP5ymHEw%3D%3D&trackingId=DcGt6l42Y8Yj%2BGO1XldYTg%3D%3D&position=18&pageNum=6&trk=public_jobs_jserp-result_search-card
168,2023-02-24,Fundserv,Junior DevSecOps Engineer,"Toronto, Ontario, Canada",https://ca.linkedin.com/jobs/view/junior-devsecops-engineer-at-fundserv-3499228099?refId=MhXDM%2BWKtpuuVkqP5ymHEw%3D%3D&trackingId=ciOC9pxx%2Bh%2Bc%2BHY8BYFZKA%3D%3D&position=19&pageNum=6&trk=public_jobs_jserp-result_search-card
169,2023-02-07,Laserfiche,"Software Engineer, Entry-Level","Toronto, Ontario, Canada",https://ca.linkedin.com/jobs/view/software-engineer-entry-level-at-laserfiche-3056868744?refId=MhXDM%2BWKtpuuVkqP5ymHEw%3D%3D&trackingId=nzTOPyQSPppDjijjQy4gcg%3D%3D&position=20&pageNum=6&trk=public_jobs_jserp-result_search-card
170,2023-02-23,Indotronix International Corporation,ServiceNow Developer,"Toronto, Ontario, Canada",https://ca.linkedin.com/jobs/view/servicenow-developer-at-indotronix-international-corporation-3490320101?refId=MhXDM%2BWKtpuuVkqP5ymHEw%3D%3D&trackingId=ZrNfBCZ1UWPgBg0xODpwaQ%3D%3D&position=21&pageNum=6&trk=public_jobs_jserp-result_search-card
171,2023-02-23,Atlantis IT Group,Python SQL Developer,"Toronto, Ontario, Canada",https://ca.linkedin.com/jobs/view/python-sql-developer-at-atlantis-it-group-3494468548?refId=MhXDM%2BWKtpuuVkqP5ymHEw%3D%3D&trackingId=n2aFYyuD41GJj6m7GOiefw%3D%3D&position=22&pageNum=6&trk=public_jobs_jserp-result_search-card
172,2023-02-17,Tata Consultancy Services,Software Quality Engineer,"Toronto, Ontario, Canada",https://ca.linkedin.com/jobs/view/software-quality-engineer-at-tata-consultancy-services-3482517424?refId=MhXDM%2BWKtpuuVkqP5ymHEw%3D%3D&trackingId=x6fQGG8LvMy2vwrpDE25xg%3D%3D&position=23&pageNum=6&trk=public_jobs_jserp-result_search-card
173,2023-02-21,Teranet Inc.,Software Development Engineer in Test,"Toronto, Ontario, Canada",https://ca.linkedin.com/jobs/view/software-development-engineer-in-test-at-teranet-inc-3487738265?refId=MhXDM%2BWKtpuuVkqP5ymHEw%3D%3D&trackingId=e3hhTsHsWlxHQXwonRtddg%3D%3D&position=24&pageNum=6&trk=public_jobs_jserp-result_search-card
174,2023-01-18,TD,Machine Learning Engineer (Layer 6),"Toronto, Ontario, Canada",https://ca.linkedin.com/jobs/view/machine-learning-engineer-layer-6-at-td-3480104820?refId=MhXDM%2BWKtpuuVkqP5ymHEw%3D%3D&trackingId=r9dqOEQsIaodVzrVO%2Fd%2FUg%3D%3D&position=25&pageNum=6&trk=public_jobs_jserp-result_search-card
